<aiml version="1.0">

<!-- This category works with the Standard AIML Set -->
<category>
<pattern>LOAD AIML B</pattern>
<template>
<learn>aiml/standard/std-pickup.aiml</learn>
<learn>aiml/standard/reduction0.safe.aiml</learn>
<learn>aiml/standard/reduction1.safe.aiml</learn>
<learn>aiml/standard/reduction2.safe.aiml</learn>
<learn>aiml/standard/reduction3.safe.aiml</learn>
<learn>aiml/standard/reduction4.safe.aiml</learn>
<learn>aiml/standard/reduction.names.aiml</learn>
<learn>aiml/standard/mp0.aiml</learn>
<learn>aiml/standard/mp1.aiml</learn>
<learn>aiml/standard/mp2.aiml</learn>
<learn>aiml/standard/mp3.aiml</learn>
<learn>aiml/standard/mp4.aiml</learn>
<learn>aiml/standard/mp5.aiml</learn>
<learn>aiml/standard/mp6.aiml</learn>
<learn>aiml/standard/reductions-update.aiml</learn>
<learn>aiml/standard/ai.aiml</learn>
<learn>aiml/standard/alice.aiml</learn>
<learn>aiml/standard/atomic.aiml</learn>
<learn>aiml/standard/badanswer.aiml</learn>
<learn>aiml/standard/biography.aiml</learn>
<learn>aiml/standard/bot.aiml</learn>
<learn>aiml/standard/bot_profile.aiml</learn>
<learn>aiml/standard/client.aiml</learn>
<learn>aiml/standard/client_profile.aiml</learn>
<learn>aiml/standard/computers.aiml</learn>
<learn>aiml/standard/continuation.aiml</learn>
<learn>aiml/standard/date.aiml</learn>
<learn>aiml/standard/default.aiml</learn>
<learn>aiml/standard/emotion.aiml</learn>
<learn>aiml/standard/imponderables.aiml</learn>
<learn>aiml/standard/inquiry.aiml</learn>
<learn>aiml/standard/interjection.aiml</learn>
<learn>aiml/standard/iu.aiml</learn>
<learn>aiml/standard/knowledge.aiml</learn>
<learn>aiml/standard/loebner10.aiml</learn>
<learn>aiml/standard/numbers.aiml</learn>
<learn>aiml/standard/personality.aiml</learn>
<learn>aiml/standard/pickup.aiml</learn>
<learn>aiml/standard/primitive-math.aiml</learn>
<learn>aiml/standard/psychology.aiml</learn>
<learn>aiml/standard/salutations.aiml</learn>
<learn>aiml/standard/stack.aiml</learn>
<learn>aiml/standard/std-startup.xml</learn>
<learn>aiml/standard/that.aiml</learn>
<learn>aiml/standard/wallace.aiml</learn>
<learn>aiml/standard/xfind.aiml</learn>
<learn>aiml/standard/update1.aiml</learn>
<learn>aiml/standard/update_mccormick.aiml</learn>
<learn>aiml/dept/*.aiml</learn>
</template>
</category>
</aiml>
